User ID,Time,Temperature (C),Number of People in the Household,Energy Consumption (kW),Housing Type: Apartment,Housing Type: Duplex,Air-Conditioned Room: Yes,Device Usage: Low,Device Usage: Moderate
1,9,19.45,4,3.068,1,0,1,0,1
2,6,21.8,1,2.153,0,1,0,0,0
3,13,14.5,6,2.425,0,1,0,0,1
4,5,19.25,3,1.762,1,0,0,0,0
5,7,18.5,6,2.027,1,0,1,1,0
6,16,17.04,1,2.663,0,0,1,0,1
7,9,25.27,3,2.757,0,1,1,0,1
8,16,25.0,1,1.798,0,0,1,0,1
9,23,28.55,5,3.259,0,0,0,0,0
10,15,17.96,3,3.041,0,1,1,0,0
11,23,10.03,6,3.523,1,0,0,0,0
12,17,17.0,4,3.162,0,0,1,1,0
13,18,28.43,5,2.42,0,0,0,1,0
14,10,18.96,4,3.884,1,0,0,0,0
15,11,27.93,5,4.016,0,0,1,0,1
16,6,16.64,4,2.729,1,0,0,0,1
17,0,18.17,3,1.691,1,0,1,0,1
18,14,19.1,2,3.672,1,0,0,0,1
19,11,18.78,1,2.341,1,0,1,1,0
20,0,29.98,3,1.855,1,0,1,0,0
21,17,22.53,5,3.021,0,1,1,0,0
22,10,23.15,5,2.983,1,0,1,0,1
23,7,29.33,6,2.973,0,1,0,1,0
24,12,31.36,3,2.775,1,0,1,0,1
25,11,24.15,6,2.433,0,0,1,1,0
26,19,21.59,2,2.873,0,0,0,0,0
27,4,22.32,1,2.214,0,0,0,0,0
28,10,20.79,3,1.976,0,0,0,0,1
29,6,18.37,6,2.949,1,0,0,0,0
30,7,17.44,1,2.678,0,0,1,0,0
31,13,19.9,2,2.911,1,0,1,0,0
32,23,21.26,4,3.796,1,0,0,1,0
33,7,19.04,5,2.673,0,1,1,1,0
34,16,14.07,6,3.059,0,0,1,0,0
35,8,31.27,4,1.4,1,0,0,0,1
36,9,17.52,1,2.458,1,0,1,0,0
37,12,16.52,3,2.829,0,0,1,0,0
38,14,21.47,4,2.322,1,0,0,0,1
39,8,27.54,4,1.883,1,0,1,0,0
40,13,22.71,4,3.046,1,0,1,0,1
41,16,19.94,5,2.184,1,0,1,0,1
42,17,19.12,2,1.434,0,1,1,0,0
43,15,20.25,3,2.824,0,0,1,0,0
44,13,26.92,3,2.783,0,0,0,0,0
45,9,12.73,3,2.773,1,0,1,0,1
46,9,23.6,4,1.75,0,0,1,0,0
47,12,17.89,1,1.76,0,0,1,1,0
48,8,24.08,1,2.135,1,0,1,0,1
49,17,23.94,5,4.281,0,0,0,0,0
50,14,33.65,6,2.773,0,1,0,1,0
51,14,24.57,4,2.666,0,0,1,0,1
52,9,17.08,2,1.578,0,1,1,1,0
53,15,30.35,3,2.565,0,0,0,1,0
54,12,22.57,6,2.923,0,0,0,0,1
55,5,17.83,4,2.655,0,0,1,1,0
56,0,26.61,3,1.436,0,0,1,1,0
57,7,19.02,4,2.92,0,1,0,0,0
58,5,25.84,3,1.805,1,0,0,0,0
59,17,20.57,2,3.455,1,0,0,0,0
60,3,19.35,4,2.309,0,0,1,1,0
61,9,20.62,6,2.451,0,1,0,1,0
62,14,13.72,4,1.961,0,1,1,0,1
63,22,17.07,3,3.656,0,1,1,0,0
64,3,26.2,1,1.2,0,0,1,0,0
65,11,21.82,4,2.302,1,0,1,0,1
66,0,21.6,3,1.432,0,0,1,0,1
67,9,19.47,4,2.732,1,0,0,0,1
68,6,15.17,4,0.61,1,0,1,1,0
69,17,27.99,4,1.816,1,0,0,1,0
70,0,26.29,4,1.301,0,1,1,0,0
71,16,26.62,6,2.174,0,1,1,0,0
72,14,18.22,4,2.091,0,0,0,0,1
73,9,29.92,3,2.226,0,0,1,0,0
74,0,24.27,4,2.896,0,1,1,0,0
75,1,14.56,4,1.961,0,1,1,0,1
76,15,21.07,3,2.444,0,0,0,0,0
77,9,17.58,3,3.271,1,0,0,0,0
78,10,19.83,4,1.93,1,0,0,1,0
79,10,15.92,5,2.677,0,0,1,1,0
80,8,20.4,5,2.362,1,0,0,0,1
81,11,23.13,1,1.85,0,0,1,0,1
82,2,18.39,2,1.79,0,0,0,0,0
83,21,22.25,1,3.229,0,1,1,1,0
84,5,22.01,4,2.254,1,0,1,0,0
85,14,26.9,4,1.818,0,0,1,1,0
86,23,26.53,4,3.03,0,0,0,1,0
87,18,27.03,4,2.24,1,0,1,0,0
88,10,24.52,3,2.143,1,0,1,1,0
89,10,27.04,5,1.782,0,1,0,0,1
90,9,19.48,4,3.149,1,0,1,0,0
91,9,22.49,6,2.5,0,1,0,1,0
92,7,17.27,3,1.373,0,0,0,0,1
93,3,16.26,1,2.121,0,1,0,0,0
94,3,16.66,6,1.314,1,0,0,0,0
95,4,17.66,5,1.515,0,1,0,1,0
96,0,16.22,4,1.801,0,1,0,1,0
97,4,19.33,1,3.202,0,1,1,0,1
98,21,24.16,4,2.591,0,1,1,0,1
99,14,22.21,3,1.81,0,1,1,0,1
100,0,26.39,3,0.974,0,0,1,0,0
101,23,19.63,2,1.807,1,0,0,0,1
102,8,20.68,3,1.429,0,0,0,0,1
103,7,22.34,4,1.913,0,1,0,1,0
104,23,21.36,3,3.083,1,0,0,0,0
105,14,21.99,4,2.824,1,0,1,0,0
106,14,20.13,2,2.18,1,0,0,1,0
107,19,20.05,5,2.784,0,1,1,1,0
108,16,10.03,5,3.147,1,0,0,1,0
109,6,22.06,1,1.703,0,0,0,0,1
110,12,23.08,3,3.333,0,0,1,0,0
111,13,26.67,2,2.31,1,0,0,1,0
112,22,27.28,4,4.198,1,0,0,0,0
113,10,23.01,4,3.025,0,0,0,1,0
114,18,16.5,3,2.415,0,0,0,1,0
115,1,14.82,1,2.476,1,0,1,1,0
116,9,28.6,6,3.667,0,0,1,0,1
117,5,27.76,2,2.554,1,0,0,0,0
118,20,10.03,4,3.217,0,1,1,0,0
119,21,17.8,3,3.877,0,1,0,0,0
120,22,14.29,6,3.217,0,1,0,0,0
121,0,24.4,1,0.61,0,1,1,1,0
122,12,24.1,1,2.342,0,0,1,1,0
123,12,26.25,6,1.925,1,0,1,1,0
124,13,14.08,1,2.523,1,0,0,0,1
125,4,17.3,2,1.111,0,0,1,0,1
126,3,20.88,2,1.815,0,1,0,1,0
127,13,23.33,4,3.244,0,1,0,0,0
128,0,23.85,1,1.655,1,0,0,0,0
129,7,17.0,2,2.353,0,0,1,1,0
130,20,27.4,4,2.846,0,1,0,0,0
131,11,26.18,1,2.204,0,0,0,0,0
132,4,14.44,1,2.34,0,1,0,0,1
133,10,18.12,3,2.406,0,1,0,1,0
134,21,16.06,5,3.293,1,0,0,0,1
135,8,27.17,2,2.039,1,0,0,0,0
136,9,23.28,5,1.959,0,0,0,1,0
137,8,20.77,1,2.29,1,0,1,0,0
138,9,24.94,2,1.475,0,1,1,0,0
139,0,19.14,3,1.908,1,0,1,1,0
140,22,20.36,4,2.831,0,1,1,0,0
141,2,14.59,4,2.36,1,0,0,0,0
142,23,23.64,2,2.734,1,0,0,1,0
143,15,14.62,4,4.31,0,1,1,0,1
144,20,17.39,4,2.485,0,0,0,0,0
145,20,24.06,4,2.964,1,0,0,0,1
146,9,26.8,5,2.488,0,1,1,0,0
147,7,23.26,1,2.164,1,0,1,0,0
148,19,22.11,5,3.1,0,0,1,0,1
149,17,22.5,4,2.111,0,0,0,0,1
150,18,21.39,5,2.146,0,0,0,0,0
151,8,24.12,5,3.015,0,1,0,0,0
152,13,23.26,4,2.348,0,0,1,0,1
153,15,19.22,2,3.333,1,0,0,1,0
154,10,20.1,1,2.355,0,0,1,1,0
155,11,11.15,3,3.309,0,0,1,0,0
156,16,28.49,6,3.473,0,1,1,1,0
157,10,17.15,4,2.498,0,0,0,1,0
158,6,20.7,4,1.521,0,1,0,0,1
159,17,13.52,5,3.676,1,0,0,0,1
160,12,22.15,2,1.712,0,0,0,0,0
161,6,17.57,1,1.262,0,0,1,0,0
162,11,23.97,1,2.18,1,0,1,1,0
163,0,24.41,6,0.971,1,0,0,1,0
164,2,18.2,5,2.922,0,0,0,1,0
165,7,28.83,2,2.133,1,0,0,0,0
166,12,22.17,5,1.77,0,1,0,1,0
167,14,22.18,4,2.498,0,1,1,0,0
168,13,12.56,3,3.326,0,1,1,0,0
169,5,23.48,2,1.799,0,0,1,0,1
170,3,15.47,3,2.99,1,0,1,1,0
171,22,16.71,6,3.025,0,1,1,1,0
172,22,17.56,4,3.545,1,0,0,0,0
173,8,16.09,4,1.932,1,0,0,0,1
174,12,14.84,6,2.782,1,0,0,0,1
175,9,14.16,4,3.402,0,0,0,0,1
176,17,23.77,4,3.065,0,0,1,1,0
177,18,29.57,4,3.229,0,0,0,1,0
178,6,24.46,3,1.383,1,0,0,1,0
179,12,27.84,4,2.676,0,1,1,0,1
180,14,18.01,5,2.1,0,0,1,0,0
181,13,23.14,5,2.919,0,1,0,0,0
182,14,20.42,4,2.283,0,1,1,0,0
183,15,20.46,2,3.048,0,0,1,0,0
184,20,22.44,3,3.747,0,0,1,0,0
185,16,29.91,4,2.748,1,0,0,0,0
186,13,15.08,4,3.669,0,1,0,0,0
187,10,26.6,6,1.717,1,0,0,0,1
188,6,18.7,4,1.674,0,0,1,0,0
189,16,22.61,5,2.973,0,0,1,1,0
190,14,22.13,1,2.7,0,0,0,0,1
191,0,23.96,1,2.676,1,0,1,0,1
192,10,15.16,6,2.972,0,0,0,0,0
193,9,11.77,3,2.557,0,0,0,1,0
194,19,12.24,2,2.886,1,0,1,0,0
195,4,21.1,5,1.66,1,0,1,0,1
196,6,32.0,2,3.34,0,1,0,0,1
197,7,20.63,2,2.233,0,1,1,1,0
198,11,26.23,3,2.487,1,0,1,0,0
199,19,20.63,2,3.451,0,0,1,0,1
200,10,24.64,6,2.727,0,1,0,0,0
